STRUCTURE,STRUCTURE_ID,STRUCTURE_NAME,freq,Time frequency,sectfund,Source of funds,nace_r2,Statistical classification of economic activities in the European Community (NACE Rev. 2),unit,Unit of measure,geo,Geopolitical entity (reporting),TIME_PERIOD,Time,OBS_VALUE,Observation value,OBS_FLAG,Observation status (Flag) V2 structure,CONF_STATUS,Confidentiality status (flag)
dataflow,ESTAT:RD_E_BERDFUNDR2(1.0),BERD by NACE Rev. 2 activity and source of funds,A,Annual,BES,Business enterprise sector,C25,"Manufacture of fabricated metal products, except machinery and equipment",MIO_EUR,Million euro,FR,France,2016,,533.011,,,,,
dataflow,ESTAT:RD_E_BERDFUNDR2(1.0),BERD by NACE Rev. 2 activity and source of funds,A,Annual,BES,Business enterprise sector,C25,"Manufacture of fabricated metal products, except machinery and equipment",MIO_EUR,Million euro,FR,France,2017,,436.486,,p,provisional,,
dataflow,ESTAT:RD_E_BERDFUNDR2(1.0),BERD by NACE Rev. 2 activity and source of funds,A,Annual,BES,Business enterprise sector,C25,"Manufacture of fabricated metal products, except machinery and equipment",MIO_EUR,Million euro,FR,France,2018,,,,,,C,confidential
dataflow,ESTAT:RD_E_BERDFUNDR2(1.0),BERD by NACE Rev. 2 activity and source of funds,A,Annual,BES,Business enterprise sector,C25,"Manufacture of fabricated metal products, except machinery and equipment",MIO_EUR,Million euro,FR,France,2019,,,,,,C,confidential
dataflow,ESTAT:RD_E_BERDFUNDR2(1.0),BERD by NACE Rev. 2 activity and source of funds,A,Annual,BES,Business enterprise sector,C25-C30,"Manufacture of fabricated metal products, computer, electronic and optical products, electrical equipment, machinery, motor vehicles and other transport equipment",MIO_EUR,Million euro,FR,France,2016,,8629.084,,,,,
dataflow,ESTAT:RD_E_BERDFUNDR2(1.0),BERD by NACE Rev. 2 activity and source of funds,A,Annual,BES,Business enterprise sector,C25-C30,"Manufacture of fabricated metal products, computer, electronic and optical products, electrical equipment, machinery, motor vehicles and other transport equipment",MIO_EUR,Million euro,FR,France,2017,,8608.27,,p,provisional,,
dataflow,ESTAT:RD_E_BERDFUNDR2(1.0),BERD by NACE Rev. 2 activity and source of funds,A,Annual,BES,Business enterprise sector,C25-C30,"Manufacture of fabricated metal products, computer, electronic and optical products, electrical equipment, machinery, motor vehicles and other transport equipment",MIO_EUR,Million euro,FR,France,2018,,,,,,C,confidential
dataflow,ESTAT:RD_E_BERDFUNDR2(1.0),BERD by NACE Rev. 2 activity and source of funds,A,Annual,BES,Business enterprise sector,C25-C30,"Manufacture of fabricated metal products, computer, electronic and optical products, electrical equipment, machinery, motor vehicles and other transport equipment",MIO_EUR,Million euro,FR,France,2019,,,,,,C,confidential
dataflow,ESTAT:RD_E_BERDFUNDR2(1.0),BERD by NACE Rev. 2 activity and source of funds,A,Annual,BES,Business enterprise sector,C26,"Manufacture of computer, electronic and optical products",MIO_EUR,Million euro,FR,France,2016,,2518.945,,,,,
dataflow,ESTAT:RD_E_BERDFUNDR2(1.0),BERD by NACE Rev. 2 activity and source of funds,A,Annual,BES,Business enterprise sector,C26,"Manufacture of computer, electronic and optical products",MIO_EUR,Million euro,FR,France,2017,,2555.123,,p,provisional,,
dataflow,ESTAT:RD_E_BERDFUNDR2(1.0),BERD by NACE Rev. 2 activity and source of funds,A,Annual,BES,Business enterprise sector,C26,"Manufacture of computer, electronic and optical products",MIO_EUR,Million euro,FR,France,2018,,,,,,C,confidential
dataflow,ESTAT:RD_E_BERDFUNDR2(1.0),BERD by NACE Rev. 2 activity and source of funds,A,Annual,BES,Business enterprise sector,C26,"Manufacture of computer, electronic and optical products",MIO_EUR,Million euro,FR,France,2019,,,,,,C,confidential
dataflow,ESTAT:RD_E_BERDFUNDR2(1.0),BERD by NACE Rev. 2 activity and source of funds,A,Annual,BES,Business enterprise sector,C27,Manufacture of electrical equipment,MIO_EUR,Million euro,FR,France,2016,,669.767,,,,,
dataflow,ESTAT:RD_E_BERDFUNDR2(1.0),BERD by NACE Rev. 2 activity and source of funds,A,Annual,BES,Business enterprise sector,C27,Manufacture of electrical equipment,MIO_EUR,Million euro,FR,France,2017,,805.616,,p,provisional,,
dataflow,ESTAT:RD_E_BERDFUNDR2(1.0),BERD by NACE Rev. 2 activity and source of funds,A,Annual,BES,Business enterprise sector,C27,Manufacture of electrical equipment,MIO_EUR,Million euro,FR,France,2018,,,,,,C,confidential
dataflow,ESTAT:RD_E_BERDFUNDR2(1.0),BERD by NACE Rev. 2 activity and source of funds,A,Annual,BES,Business enterprise sector,C27,Manufacture of electrical equipment,MIO_EUR,Million euro,FR,France,2019,,,,,,C,confidential
dataflow,ESTAT:RD_E_BERDFUNDR2(1.0),BERD by NACE Rev. 2 activity and source of funds,A,Annual,BES,Business enterprise sector,C29,"Manufacture of motor vehicles, trailers and semi-trailers",MIO_EUR,Million euro,FR,France,2016,,2321.857,,,,,
dataflow,ESTAT:RD_E_BERDFUNDR2(1.0),BERD by NACE Rev. 2 activity and source of funds,A,Annual,BES,Business enterprise sector,C29,"Manufacture of motor vehicles, trailers and semi-trailers",MIO_EUR,Million euro,FR,France,2017,,2260.755,,p,provisional,,
dataflow,ESTAT:RD_E_BERDFUNDR2(1.0),BERD by NACE Rev. 2 activity and source of funds,A,Annual,BES,Business enterprise sector,C29,"Manufacture of motor vehicles, trailers and semi-trailers",MIO_EUR,Million euro,FR,France,2018,,,,,,C,confidential
dataflow,ESTAT:RD_E_BERDFUNDR2(1.0),BERD by NACE Rev. 2 activity and source of funds,A,Annual,BES,Business enterprise sector,C29,"Manufacture of motor vehicles, trailers and semi-trailers",MIO_EUR,Million euro,FR,France,2019,,,,,,C,confidential
dataflow,ESTAT:RD_E_BERDFUNDR2(1.0),BERD by NACE Rev. 2 activity and source of funds,A,Annual,BES,Business enterprise sector,C30,Manufacture of other transport equipment,MIO_EUR,Million euro,FR,France,2016,,1590.686,,,,,
dataflow,ESTAT:RD_E_BERDFUNDR2(1.0),BERD by NACE Rev. 2 activity and source of funds,A,Annual,BES,Business enterprise sector,C30,Manufacture of other transport equipment,MIO_EUR,Million euro,FR,France,2017,,1498.007,,p,provisional,,
dataflow,ESTAT:RD_E_BERDFUNDR2(1.0),BERD by NACE Rev. 2 activity and source of funds,A,Annual,BES,Business enterprise sector,C30,Manufacture of other transport equipment,MIO_EUR,Million euro,FR,France,2018,,,,,,C,confidential
dataflow,ESTAT:RD_E_BERDFUNDR2(1.0),BERD by NACE Rev. 2 activity and source of funds,A,Annual,BES,Business enterprise sector,C30,Manufacture of other transport equipment,MIO_EUR,Million euro,FR,France,2019,,,,,,C,confidential
dataflow,ESTAT:RD_E_BERDFUNDR2(1.0),BERD by NACE Rev. 2 activity and source of funds,A,Annual,GOV,Government sector,C25,"Manufacture of fabricated metal products, except machinery and equipment",MIO_EUR,Million euro,FR,France,2016,,114.658,,,,,
dataflow,ESTAT:RD_E_BERDFUNDR2(1.0),BERD by NACE Rev. 2 activity and source of funds,A,Annual,GOV,Government sector,C25,"Manufacture of fabricated metal products, except machinery and equipment",MIO_EUR,Million euro,FR,France,2017,,174.389,,p,provisional,,
dataflow,ESTAT:RD_E_BERDFUNDR2(1.0),BERD by NACE Rev. 2 activity and source of funds,A,Annual,GOV,Government sector,C25,"Manufacture of fabricated metal products, except machinery and equipment",MIO_EUR,Million euro,FR,France,2018,,,,,,C,confidential
dataflow,ESTAT:RD_E_BERDFUNDR2(1.0),BERD by NACE Rev. 2 activity and source of funds,A,Annual,GOV,Government sector,C25,"Manufacture of fabricated metal products, except machinery and equipment",MIO_EUR,Million euro,FR,France,2019,,,,,,C,confidential
dataflow,ESTAT:RD_E_BERDFUNDR2(1.0),BERD by NACE Rev. 2 activity and source of funds,A,Annual,GOV,Government sector,C25-C30,"Manufacture of fabricated metal products, computer, electronic and optical products, electrical equipment, machinery, motor vehicles and other transport equipment",MIO_EUR,Million euro,FR,France,2016,,1797.302,,,,,
dataflow,ESTAT:RD_E_BERDFUNDR2(1.0),BERD by NACE Rev. 2 activity and source of funds,A,Annual,GOV,Government sector,C25-C30,"Manufacture of fabricated metal products, computer, electronic and optical products, electrical equipment, machinery, motor vehicles and other transport equipment",MIO_EUR,Million euro,FR,France,2017,,1848.818,,p,provisional,,
dataflow,ESTAT:RD_E_BERDFUNDR2(1.0),BERD by NACE Rev. 2 activity and source of funds,A,Annual,GOV,Government sector,C25-C30,"Manufacture of fabricated metal products, computer, electronic and optical products, electrical equipment, machinery, motor vehicles and other transport equipment",MIO_EUR,Million euro,FR,France,2018,,,,,,C,confidential
dataflow,ESTAT:RD_E_BERDFUNDR2(1.0),BERD by NACE Rev. 2 activity and source of funds,A,Annual,GOV,Government sector,C25-C30,"Manufacture of fabricated metal products, computer, electronic and optical products, electrical equipment, machinery, motor vehicles and other transport equipment",MIO_EUR,Million euro,FR,France,2019,,,,,,C,confidential
dataflow,ESTAT:RD_E_BERDFUNDR2(1.0),BERD by NACE Rev. 2 activity and source of funds,A,Annual,GOV,Government sector,C26,"Manufacture of computer, electronic and optical products",MIO_EUR,Million euro,FR,France,2016,,668.384,,,,,
dataflow,ESTAT:RD_E_BERDFUNDR2(1.0),BERD by NACE Rev. 2 activity and source of funds,A,Annual,GOV,Government sector,C26,"Manufacture of computer, electronic and optical products",MIO_EUR,Million euro,FR,France,2017,,709.307,,p,provisional,,
dataflow,ESTAT:RD_E_BERDFUNDR2(1.0),BERD by NACE Rev. 2 activity and source of funds,A,Annual,GOV,Government sector,C26,"Manufacture of computer, electronic and optical products",MIO_EUR,Million euro,FR,France,2018,,,,,,C,confidential
dataflow,ESTAT:RD_E_BERDFUNDR2(1.0),BERD by NACE Rev. 2 activity and source of funds,A,Annual,GOV,Government sector,C26,"Manufacture of computer, electronic and optical products",MIO_EUR,Million euro,FR,France,2019,,,,,,C,confidential
dataflow,ESTAT:RD_E_BERDFUNDR2(1.0),BERD by NACE Rev. 2 activity and source of funds,A,Annual,GOV,Government sector,C27,Manufacture of electrical equipment,MIO_EUR,Million euro,FR,France,2016,,16.735,,,,,
dataflow,ESTAT:RD_E_BERDFUNDR2(1.0),BERD by NACE Rev. 2 activity and source of funds,A,Annual,GOV,Government sector,C27,Manufacture of electrical equipment,MIO_EUR,Million euro,FR,France,2017,,13.496,,p,provisional,,
dataflow,ESTAT:RD_E_BERDFUNDR2(1.0),BERD by NACE Rev. 2 activity and source of funds,A,Annual,GOV,Government sector,C27,Manufacture of electrical equipment,MIO_EUR,Million euro,FR,France,2018,,,,,,C,confidential
dataflow,ESTAT:RD_E_BERDFUNDR2(1.0),BERD by NACE Rev. 2 activity and source of funds,A,Annual,GOV,Government sector,C27,Manufacture of electrical equipment,MIO_EUR,Million euro,FR,France,2019,,,,,,C,confidential
dataflow,ESTAT:RD_E_BERDFUNDR2(1.0),BERD by NACE Rev. 2 activity and source of funds,A,Annual,GOV,Government sector,C29,"Manufacture of motor vehicles, trailers and semi-trailers",MIO_EUR,Million euro,FR,France,2016,,71.477,,,,,
dataflow,ESTAT:RD_E_BERDFUNDR2(1.0),BERD by NACE Rev. 2 activity and source of funds,A,Annual,GOV,Government sector,C29,"Manufacture of motor vehicles, trailers and semi-trailers",MIO_EUR,Million euro,FR,France,2017,,84.902,,p,provisional,,
dataflow,ESTAT:RD_E_BERDFUNDR2(1.0),BERD by NACE Rev. 2 activity and source of funds,A,Annual,GOV,Government sector,C29,"Manufacture of motor vehicles, trailers and semi-trailers",MIO_EUR,Million euro,FR,France,2018,,,,,,C,confidential
dataflow,ESTAT:RD_E_BERDFUNDR2(1.0),BERD by NACE Rev. 2 activity and source of funds,A,Annual,GOV,Government sector,C29,"Manufacture of motor vehicles, trailers and semi-trailers",MIO_EUR,Million euro,FR,France,2019,,,,,,C,confidential
dataflow,ESTAT:RD_E_BERDFUNDR2(1.0),BERD by NACE Rev. 2 activity and source of funds,A,Annual,GOV,Government sector,C30,Manufacture of other transport equipment,MIO_EUR,Million euro,FR,France,2016,,913.259,,,,,
dataflow,ESTAT:RD_E_BERDFUNDR2(1.0),BERD by NACE Rev. 2 activity and source of funds,A,Annual,GOV,Government sector,C30,Manufacture of other transport equipment,MIO_EUR,Million euro,FR,France,2017,,854.676,,p,provisional,,
dataflow,ESTAT:RD_E_BERDFUNDR2(1.0),BERD by NACE Rev. 2 activity and source of funds,A,Annual,GOV,Government sector,C30,Manufacture of other transport equipment,MIO_EUR,Million euro,FR,France,2018,,,,,,C,confidential
dataflow,ESTAT:RD_E_BERDFUNDR2(1.0),BERD by NACE Rev. 2 activity and source of funds,A,Annual,GOV,Government sector,C30,Manufacture of other transport equipment,MIO_EUR,Million euro,FR,France,2019,,,,,,C,confidential
dataflow,ESTAT:RD_E_BERDFUNDR2(1.0),BERD by NACE Rev. 2 activity and source of funds,A,Annual,HES,Higher education sector,C25,"Manufacture of fabricated metal products, except machinery and equipment",MIO_EUR,Million euro,FR,France,2016,,,,,,C,confidential
dataflow,ESTAT:RD_E_BERDFUNDR2(1.0),BERD by NACE Rev. 2 activity and source of funds,A,Annual,HES,Higher education sector,C25,"Manufacture of fabricated metal products, except machinery and equipment",MIO_EUR,Million euro,FR,France,2017,,,,,,C,confidential
dataflow,ESTAT:RD_E_BERDFUNDR2(1.0),BERD by NACE Rev. 2 activity and source of funds,A,Annual,HES,Higher education sector,C25,"Manufacture of fabricated metal products, except machinery and equipment",MIO_EUR,Million euro,FR,France,2018,,,,,,C,confidential
dataflow,ESTAT:RD_E_BERDFUNDR2(1.0),BERD by NACE Rev. 2 activity and source of funds,A,Annual,HES,Higher education sector,C25,"Manufacture of fabricated metal products, except machinery and equipment",MIO_EUR,Million euro,FR,France,2019,,,,,,C,confidential
dataflow,ESTAT:RD_E_BERDFUNDR2(1.0),BERD by NACE Rev. 2 activity and source of funds,A,Annual,HES,Higher education sector,C25-C30,"Manufacture of fabricated metal products, computer, electronic and optical products, electrical equipment, machinery, motor vehicles and other transport equipment",MIO_EUR,Million euro,FR,France,2016,,0.963,,,,,
dataflow,ESTAT:RD_E_BERDFUNDR2(1.0),BERD by NACE Rev. 2 activity and source of funds,A,Annual,HES,Higher education sector,C25-C30,"Manufacture of fabricated metal products, computer, electronic and optical products, electrical equipment, machinery, motor vehicles and other transport equipment",MIO_EUR,Million euro,FR,France,2017,,,,,,C,confidential
dataflow,ESTAT:RD_E_BERDFUNDR2(1.0),BERD by NACE Rev. 2 activity and source of funds,A,Annual,HES,Higher education sector,C25-C30,"Manufacture of fabricated metal products, computer, electronic and optical products, electrical equipment, machinery, motor vehicles and other transport equipment",MIO_EUR,Million euro,FR,France,2018,,,,,,C,confidential
dataflow,ESTAT:RD_E_BERDFUNDR2(1.0),BERD by NACE Rev. 2 activity and source of funds,A,Annual,HES,Higher education sector,C25-C30,"Manufacture of fabricated metal products, computer, electronic and optical products, electrical equipment, machinery, motor vehicles and other transport equipment",MIO_EUR,Million euro,FR,France,2019,,,,,,C,confidential
dataflow,ESTAT:RD_E_BERDFUNDR2(1.0),BERD by NACE Rev. 2 activity and source of funds,A,Annual,HES,Higher education sector,C26,"Manufacture of computer, electronic and optical products",MIO_EUR,Million euro,FR,France,2016,,,,,,C,confidential
dataflow,ESTAT:RD_E_BERDFUNDR2(1.0),BERD by NACE Rev. 2 activity and source of funds,A,Annual,HES,Higher education sector,C26,"Manufacture of computer, electronic and optical products",MIO_EUR,Million euro,FR,France,2017,,,,,,C,confidential
dataflow,ESTAT:RD_E_BERDFUNDR2(1.0),BERD by NACE Rev. 2 activity and source of funds,A,Annual,HES,Higher education sector,C26,"Manufacture of computer, electronic and optical products",MIO_EUR,Million euro,FR,France,2018,,,,,,C,confidential
dataflow,ESTAT:RD_E_BERDFUNDR2(1.0),BERD by NACE Rev. 2 activity and source of funds,A,Annual,HES,Higher education sector,C26,"Manufacture of computer, electronic and optical products",MIO_EUR,Million euro,FR,France,2019,,,,,,C,confidential
dataflow,ESTAT:RD_E_BERDFUNDR2(1.0),BERD by NACE Rev. 2 activity and source of funds,A,Annual,HES,Higher education sector,C27,Manufacture of electrical equipment,MIO_EUR,Million euro,FR,France,2016,,0,,,,,
dataflow,ESTAT:RD_E_BERDFUNDR2(1.0),BERD by NACE Rev. 2 activity and source of funds,A,Annual,HES,Higher education sector,C27,Manufacture of electrical equipment,MIO_EUR,Million euro,FR,France,2017,,0,,p,provisional,,
dataflow,ESTAT:RD_E_BERDFUNDR2(1.0),BERD by NACE Rev. 2 activity and source of funds,A,Annual,HES,Higher education sector,C27,Manufacture of electrical equipment,MIO_EUR,Million euro,FR,France,2018,,,,,,C,confidential
dataflow,ESTAT:RD_E_BERDFUNDR2(1.0),BERD by NACE Rev. 2 activity and source of funds,A,Annual,HES,Higher education sector,C27,Manufacture of electrical equipment,MIO_EUR,Million euro,FR,France,2019,,,,,,C,confidential
dataflow,ESTAT:RD_E_BERDFUNDR2(1.0),BERD by NACE Rev. 2 activity and source of funds,A,Annual,HES,Higher education sector,C29,"Manufacture of motor vehicles, trailers and semi-trailers",MIO_EUR,Million euro,FR,France,2016,,0,,,,,
dataflow,ESTAT:RD_E_BERDFUNDR2(1.0),BERD by NACE Rev. 2 activity and source of funds,A,Annual,HES,Higher education sector,C29,"Manufacture of motor vehicles, trailers and semi-trailers",MIO_EUR,Million euro,FR,France,2017,,0,,p,provisional,,
dataflow,ESTAT:RD_E_BERDFUNDR2(1.0),BERD by NACE Rev. 2 activity and source of funds,A,Annual,HES,Higher education sector,C29,"Manufacture of motor vehicles, trailers and semi-trailers",MIO_EUR,Million euro,FR,France,2018,,,,,,C,confidential
dataflow,ESTAT:RD_E_BERDFUNDR2(1.0),BERD by NACE Rev. 2 activity and source of funds,A,Annual,HES,Higher education sector,C29,"Manufacture of motor vehicles, trailers and semi-trailers",MIO_EUR,Million euro,FR,France,2019,,,,,,C,confidential
dataflow,ESTAT:RD_E_BERDFUNDR2(1.0),BERD by NACE Rev. 2 activity and source of funds,A,Annual,HES,Higher education sector,C30,Manufacture of other transport equipment,MIO_EUR,Million euro,FR,France,2016,,,,,,C,confidential
dataflow,ESTAT:RD_E_BERDFUNDR2(1.0),BERD by NACE Rev. 2 activity and source of funds,A,Annual,HES,Higher education sector,C30,Manufacture of other transport equipment,MIO_EUR,Million euro,FR,France,2017,,,,,,C,confidential
dataflow,ESTAT:RD_E_BERDFUNDR2(1.0),BERD by NACE Rev. 2 activity and source of funds,A,Annual,HES,Higher education sector,C30,Manufacture of other transport equipment,MIO_EUR,Million euro,FR,France,2018,,,,,,C,confidential
dataflow,ESTAT:RD_E_BERDFUNDR2(1.0),BERD by NACE Rev. 2 activity and source of funds,A,Annual,HES,Higher education sector,C30,Manufacture of other transport equipment,MIO_EUR,Million euro,FR,France,2019,,,,,,C,confidential
dataflow,ESTAT:RD_E_BERDFUNDR2(1.0),BERD by NACE Rev. 2 activity and source of funds,A,Annual,PNP,Private non-profit sector,C25,"Manufacture of fabricated metal products, except machinery and equipment",MIO_EUR,Million euro,FR,France,2016,,0.013,,,,,
dataflow,ESTAT:RD_E_BERDFUNDR2(1.0),BERD by NACE Rev. 2 activity and source of funds,A,Annual,PNP,Private non-profit sector,C25,"Manufacture of fabricated metal products, except machinery and equipment",MIO_EUR,Million euro,FR,France,2017,,,,,,C,confidential
dataflow,ESTAT:RD_E_BERDFUNDR2(1.0),BERD by NACE Rev. 2 activity and source of funds,A,Annual,PNP,Private non-profit sector,C25,"Manufacture of fabricated metal products, except machinery and equipment",MIO_EUR,Million euro,FR,France,2018,,,,,,C,confidential
dataflow,ESTAT:RD_E_BERDFUNDR2(1.0),BERD by NACE Rev. 2 activity and source of funds,A,Annual,PNP,Private non-profit sector,C25,"Manufacture of fabricated metal products, except machinery and equipment",MIO_EUR,Million euro,FR,France,2019,,,,,,C,confidential
dataflow,ESTAT:RD_E_BERDFUNDR2(1.0),BERD by NACE Rev. 2 activity and source of funds,A,Annual,PNP,Private non-profit sector,C25-C30,"Manufacture of fabricated metal products, computer, electronic and optical products, electrical equipment, machinery, motor vehicles and other transport equipment",MIO_EUR,Million euro,FR,France,2016,,0.379,,,,,
dataflow,ESTAT:RD_E_BERDFUNDR2(1.0),BERD by NACE Rev. 2 activity and source of funds,A,Annual,PNP,Private non-profit sector,C25-C30,"Manufacture of fabricated metal products, computer, electronic and optical products, electrical equipment, machinery, motor vehicles and other transport equipment",MIO_EUR,Million euro,FR,France,2017,,,,,,C,confidential
dataflow,ESTAT:RD_E_BERDFUNDR2(1.0),BERD by NACE Rev. 2 activity and source of funds,A,Annual,PNP,Private non-profit sector,C25-C30,"Manufacture of fabricated metal products, computer, electronic and optical products, electrical equipment, machinery, motor vehicles and other transport equipment",MIO_EUR,Million euro,FR,France,2018,,,,,,C,confidential
dataflow,ESTAT:RD_E_BERDFUNDR2(1.0),BERD by NACE Rev. 2 activity and source of funds,A,Annual,PNP,Private non-profit sector,C25-C30,"Manufacture of fabricated metal products, computer, electronic and optical products, electrical equipment, machinery, motor vehicles and other transport equipment",MIO_EUR,Million euro,FR,France,2019,,,,,,C,confidential
dataflow,ESTAT:RD_E_BERDFUNDR2(1.0),BERD by NACE Rev. 2 activity and source of funds,A,Annual,PNP,Private non-profit sector,C26,"Manufacture of computer, electronic and optical products",MIO_EUR,Million euro,FR,France,2016,,,,,,C,confidential
dataflow,ESTAT:RD_E_BERDFUNDR2(1.0),BERD by NACE Rev. 2 activity and source of funds,A,Annual,PNP,Private non-profit sector,C26,"Manufacture of computer, electronic and optical products",MIO_EUR,Million euro,FR,France,2017,,,,,,C,confidential
dataflow,ESTAT:RD_E_BERDFUNDR2(1.0),BERD by NACE Rev. 2 activity and source of funds,A,Annual,PNP,Private non-profit sector,C26,"Manufacture of computer, electronic and optical products",MIO_EUR,Million euro,FR,France,2018,,,,,,C,confidential
dataflow,ESTAT:RD_E_BERDFUNDR2(1.0),BERD by NACE Rev. 2 activity and source of funds,A,Annual,PNP,Private non-profit sector,C26,"Manufacture of computer, electronic and optical products",MIO_EUR,Million euro,FR,France,2019,,,,,,C,confidential
dataflow,ESTAT:RD_E_BERDFUNDR2(1.0),BERD by NACE Rev. 2 activity and source of funds,A,Annual,PNP,Private non-profit sector,C27,Manufacture of electrical equipment,MIO_EUR,Million euro,FR,France,2016,,0,,,,,
dataflow,ESTAT:RD_E_BERDFUNDR2(1.0),BERD by NACE Rev. 2 activity and source of funds,A,Annual,PNP,Private non-profit sector,C27,Manufacture of electrical equipment,MIO_EUR,Million euro,FR,France,2017,,,,,,C,confidential
dataflow,ESTAT:RD_E_BERDFUNDR2(1.0),BERD by NACE Rev. 2 activity and source of funds,A,Annual,PNP,Private non-profit sector,C27,Manufacture of electrical equipment,MIO_EUR,Million euro,FR,France,2018,,,,,,C,confidential
dataflow,ESTAT:RD_E_BERDFUNDR2(1.0),BERD by NACE Rev. 2 activity and source of funds,A,Annual,PNP,Private non-profit sector,C27,Manufacture of electrical equipment,MIO_EUR,Million euro,FR,France,2019,,,,,,C,confidential
dataflow,ESTAT:RD_E_BERDFUNDR2(1.0),BERD by NACE Rev. 2 activity and source of funds,A,Annual,PNP,Private non-profit sector,C29,"Manufacture of motor vehicles, trailers and semi-trailers",MIO_EUR,Million euro,FR,France,2016,,0,,,,,
dataflow,ESTAT:RD_E_BERDFUNDR2(1.0),BERD by NACE Rev. 2 activity and source of funds,A,Annual,PNP,Private non-profit sector,C29,"Manufacture of motor vehicles, trailers and semi-trailers",MIO_EUR,Million euro,FR,France,2017,,0,,p,provisional,,
dataflow,ESTAT:RD_E_BERDFUNDR2(1.0),BERD by NACE Rev. 2 activity and source of funds,A,Annual,PNP,Private non-profit sector,C29,"Manufacture of motor vehicles, trailers and semi-trailers",MIO_EUR,Million euro,FR,France,2018,,,,,,C,confidential
dataflow,ESTAT:RD_E_BERDFUNDR2(1.0),BERD by NACE Rev. 2 activity and source of funds,A,Annual,PNP,Private non-profit sector,C29,"Manufacture of motor vehicles, trailers and semi-trailers",MIO_EUR,Million euro,FR,France,2019,,,,,,C,confidential
dataflow,ESTAT:RD_E_BERDFUNDR2(1.0),BERD by NACE Rev. 2 activity and source of funds,A,Annual,PNP,Private non-profit sector,C30,Manufacture of other transport equipment,MIO_EUR,Million euro,FR,France,2016,,,,,,C,confidential
dataflow,ESTAT:RD_E_BERDFUNDR2(1.0),BERD by NACE Rev. 2 activity and source of funds,A,Annual,PNP,Private non-profit sector,C30,Manufacture of other transport equipment,MIO_EUR,Million euro,FR,France,2017,,,,,,C,confidential
dataflow,ESTAT:RD_E_BERDFUNDR2(1.0),BERD by NACE Rev. 2 activity and source of funds,A,Annual,PNP,Private non-profit sector,C30,Manufacture of other transport equipment,MIO_EUR,Million euro,FR,France,2018,,,,,,C,confidential
dataflow,ESTAT:RD_E_BERDFUNDR2(1.0),BERD by NACE Rev. 2 activity and source of funds,A,Annual,PNP,Private non-profit sector,C30,Manufacture of other transport equipment,MIO_EUR,Million euro,FR,France,2019,,,,,,C,confidential
dataflow,ESTAT:RD_E_BERDFUNDR2(1.0),BERD by NACE Rev. 2 activity and source of funds,A,Annual,ROW,Rest of the world,C25,"Manufacture of fabricated metal products, except machinery and equipment",MIO_EUR,Million euro,FR,France,2016,,,,,,C,confidential
dataflow,ESTAT:RD_E_BERDFUNDR2(1.0),BERD by NACE Rev. 2 activity and source of funds,A,Annual,ROW,Rest of the world,C25,"Manufacture of fabricated metal products, except machinery and equipment",MIO_EUR,Million euro,FR,France,2017,,,,,,C,confidential
dataflow,ESTAT:RD_E_BERDFUNDR2(1.0),BERD by NACE Rev. 2 activity and source of funds,A,Annual,ROW,Rest of the world,C25,"Manufacture of fabricated metal products, except machinery and equipment",MIO_EUR,Million euro,FR,France,2018,,,,,,C,confidential
dataflow,ESTAT:RD_E_BERDFUNDR2(1.0),BERD by NACE Rev. 2 activity and source of funds,A,Annual,ROW,Rest of the world,C25,"Manufacture of fabricated metal products, except machinery and equipment",MIO_EUR,Million euro,FR,France,2019,,,,,,C,confidential
dataflow,ESTAT:RD_E_BERDFUNDR2(1.0),BERD by NACE Rev. 2 activity and source of funds,A,Annual,ROW,Rest of the world,C25-C30,"Manufacture of fabricated metal products, computer, electronic and optical products, electrical equipment, machinery, motor vehicles and other transport equipment",MIO_EUR,Million euro,FR,France,2016,,1499.332,,,,,
dataflow,ESTAT:RD_E_BERDFUNDR2(1.0),BERD by NACE Rev. 2 activity and source of funds,A,Annual,ROW,Rest of the world,C25-C30,"Manufacture of fabricated metal products, computer, electronic and optical products, electrical equipment, machinery, motor vehicles and other transport equipment",MIO_EUR,Million euro,FR,France,2017,,1279.6,,p,provisional,,
dataflow,ESTAT:RD_E_BERDFUNDR2(1.0),BERD by NACE Rev. 2 activity and source of funds,A,Annual,ROW,Rest of the world,C25-C30,"Manufacture of fabricated metal products, computer, electronic and optical products, electrical equipment, machinery, motor vehicles and other transport equipment",MIO_EUR,Million euro,FR,France,2018,,,,,,C,confidential
dataflow,ESTAT:RD_E_BERDFUNDR2(1.0),BERD by NACE Rev. 2 activity and source of funds,A,Annual,ROW,Rest of the world,C25-C30,"Manufacture of fabricated metal products, computer, electronic and optical products, electrical equipment, machinery, motor vehicles and other transport equipment",MIO_EUR,Million euro,FR,France,2019,,,,,,C,confidential
dataflow,ESTAT:RD_E_BERDFUNDR2(1.0),BERD by NACE Rev. 2 activity and source of funds,A,Annual,ROW,Rest of the world,C26,"Manufacture of computer, electronic and optical products",MIO_EUR,Million euro,FR,France,2016,,657.128,,,,,
dataflow,ESTAT:RD_E_BERDFUNDR2(1.0),BERD by NACE Rev. 2 activity and source of funds,A,Annual,ROW,Rest of the world,C26,"Manufacture of computer, electronic and optical products",MIO_EUR,Million euro,FR,France,2017,,497.353,,p,provisional,,
dataflow,ESTAT:RD_E_BERDFUNDR2(1.0),BERD by NACE Rev. 2 activity and source of funds,A,Annual,ROW,Rest of the world,C26,"Manufacture of computer, electronic and optical products",MIO_EUR,Million euro,FR,France,2018,,,,,,C,confidential
dataflow,ESTAT:RD_E_BERDFUNDR2(1.0),BERD by NACE Rev. 2 activity and source of funds,A,Annual,ROW,Rest of the world,C26,"Manufacture of computer, electronic and optical products",MIO_EUR,Million euro,FR,France,2019,,,,,,C,confidential
dataflow,ESTAT:RD_E_BERDFUNDR2(1.0),BERD by NACE Rev. 2 activity and source of funds,A,Annual,ROW,Rest of the world,C27,Manufacture of electrical equipment,MIO_EUR,Million euro,FR,France,2016,,17.136,,,,,
dataflow,ESTAT:RD_E_BERDFUNDR2(1.0),BERD by NACE Rev. 2 activity and source of funds,A,Annual,ROW,Rest of the world,C27,Manufacture of electrical equipment,MIO_EUR,Million euro,FR,France,2017,,,,,,C,confidential
dataflow,ESTAT:RD_E_BERDFUNDR2(1.0),BERD by NACE Rev. 2 activity and source of funds,A,Annual,ROW,Rest of the world,C27,Manufacture of electrical equipment,MIO_EUR,Million euro,FR,France,2018,,,,,,C,confidential
dataflow,ESTAT:RD_E_BERDFUNDR2(1.0),BERD by NACE Rev. 2 activity and source of funds,A,Annual,ROW,Rest of the world,C27,Manufacture of electrical equipment,MIO_EUR,Million euro,FR,France,2019,,,,,,C,confidential
dataflow,ESTAT:RD_E_BERDFUNDR2(1.0),BERD by NACE Rev. 2 activity and source of funds,A,Annual,ROW,Rest of the world,C29,"Manufacture of motor vehicles, trailers and semi-trailers",MIO_EUR,Million euro,FR,France,2016,,43.005,,,,,
dataflow,ESTAT:RD_E_BERDFUNDR2(1.0),BERD by NACE Rev. 2 activity and source of funds,A,Annual,ROW,Rest of the world,C29,"Manufacture of motor vehicles, trailers and semi-trailers",MIO_EUR,Million euro,FR,France,2017,,60.168,,p,provisional,,
dataflow,ESTAT:RD_E_BERDFUNDR2(1.0),BERD by NACE Rev. 2 activity and source of funds,A,Annual,ROW,Rest of the world,C29,"Manufacture of motor vehicles, trailers and semi-trailers",MIO_EUR,Million euro,FR,France,2018,,,,,,C,confidential
dataflow,ESTAT:RD_E_BERDFUNDR2(1.0),BERD by NACE Rev. 2 activity and source of funds,A,Annual,ROW,Rest of the world,C29,"Manufacture of motor vehicles, trailers and semi-trailers",MIO_EUR,Million euro,FR,France,2019,,,,,,C,confidential
dataflow,ESTAT:RD_E_BERDFUNDR2(1.0),BERD by NACE Rev. 2 activity and source of funds,A,Annual,ROW,Rest of the world,C30,Manufacture of other transport equipment,MIO_EUR,Million euro,FR,France,2016,,,,,,C,confidential
dataflow,ESTAT:RD_E_BERDFUNDR2(1.0),BERD by NACE Rev. 2 activity and source of funds,A,Annual,ROW,Rest of the world,C30,Manufacture of other transport equipment,MIO_EUR,Million euro,FR,France,2017,,557.643,,p,provisional,,
dataflow,ESTAT:RD_E_BERDFUNDR2(1.0),BERD by NACE Rev. 2 activity and source of funds,A,Annual,ROW,Rest of the world,C30,Manufacture of other transport equipment,MIO_EUR,Million euro,FR,France,2018,,,,,,C,confidential
dataflow,ESTAT:RD_E_BERDFUNDR2(1.0),BERD by NACE Rev. 2 activity and source of funds,A,Annual,ROW,Rest of the world,C30,Manufacture of other transport equipment,MIO_EUR,Million euro,FR,France,2019,,,,,,C,confidential
dataflow,ESTAT:RD_E_BERDFUNDR2(1.0),BERD by NACE Rev. 2 activity and source of funds,A,Annual,TOTAL,All sectors,C25,"Manufacture of fabricated metal products, except machinery and equipment",MIO_EUR,Million euro,FR,France,2016,,727.978,,,,,
dataflow,ESTAT:RD_E_BERDFUNDR2(1.0),BERD by NACE Rev. 2 activity and source of funds,A,Annual,TOTAL,All sectors,C25,"Manufacture of fabricated metal products, except machinery and equipment",MIO_EUR,Million euro,FR,France,2017,,679.807,,p,provisional,,
dataflow,ESTAT:RD_E_BERDFUNDR2(1.0),BERD by NACE Rev. 2 activity and source of funds,A,Annual,TOTAL,All sectors,C25,"Manufacture of fabricated metal products, except machinery and equipment",MIO_EUR,Million euro,FR,France,2018,,,,,,C,confidential
dataflow,ESTAT:RD_E_BERDFUNDR2(1.0),BERD by NACE Rev. 2 activity and source of funds,A,Annual,TOTAL,All sectors,C25,"Manufacture of fabricated metal products, except machinery and equipment",MIO_EUR,Million euro,FR,France,2019,,,,,,C,confidential
dataflow,ESTAT:RD_E_BERDFUNDR2(1.0),BERD by NACE Rev. 2 activity and source of funds,A,Annual,TOTAL,All sectors,C25,"Manufacture of fabricated metal products, except machinery and equipment",MIO_EUR,Million euro,FR,France,2020,,724.47,,,,,
dataflow,ESTAT:RD_E_BERDFUNDR2(1.0),BERD by NACE Rev. 2 activity and source of funds,A,Annual,TOTAL,All sectors,C25,"Manufacture of fabricated metal products, except machinery and equipment",MIO_EUR,Million euro,FR,France,2021,,759.15,,,,,
dataflow,ESTAT:RD_E_BERDFUNDR2(1.0),BERD by NACE Rev. 2 activity and source of funds,A,Annual,TOTAL,All sectors,C25,"Manufacture of fabricated metal products, except machinery and equipment",MIO_EUR,Million euro,FR,France,2022,,797.268,,,,,
dataflow,ESTAT:RD_E_BERDFUNDR2(1.0),BERD by NACE Rev. 2 activity and source of funds,A,Annual,TOTAL,All sectors,C25,"Manufacture of fabricated metal products, except machinery and equipment",MIO_EUR,Million euro,FR,France,2023,,919.579,,,,,
dataflow,ESTAT:RD_E_BERDFUNDR2(1.0),BERD by NACE Rev. 2 activity and source of funds,A,Annual,TOTAL,All sectors,C25-C30,"Manufacture of fabricated metal products, computer, electronic and optical products, electrical equipment, machinery, motor vehicles and other transport equipment",MIO_EUR,Million euro,FR,France,2016,,11927.06,,,,,
dataflow,ESTAT:RD_E_BERDFUNDR2(1.0),BERD by NACE Rev. 2 activity and source of funds,A,Annual,TOTAL,All sectors,C25-C30,"Manufacture of fabricated metal products, computer, electronic and optical products, electrical equipment, machinery, motor vehicles and other transport equipment",MIO_EUR,Million euro,FR,France,2017,,11737.794,,p,provisional,,
dataflow,ESTAT:RD_E_BERDFUNDR2(1.0),BERD by NACE Rev. 2 activity and source of funds,A,Annual,TOTAL,All sectors,C25-C30,"Manufacture of fabricated metal products, computer, electronic and optical products, electrical equipment, machinery, motor vehicles and other transport equipment",MIO_EUR,Million euro,FR,France,2018,,,,,,C,confidential
dataflow,ESTAT:RD_E_BERDFUNDR2(1.0),BERD by NACE Rev. 2 activity and source of funds,A,Annual,TOTAL,All sectors,C25-C30,"Manufacture of fabricated metal products, computer, electronic and optical products, electrical equipment, machinery, motor vehicles and other transport equipment",MIO_EUR,Million euro,FR,France,2019,,,,,,C,confidential
dataflow,ESTAT:RD_E_BERDFUNDR2(1.0),BERD by NACE Rev. 2 activity and source of funds,A,Annual,TOTAL,All sectors,C25-C30,"Manufacture of fabricated metal products, computer, electronic and optical products, electrical equipment, machinery, motor vehicles and other transport equipment",MIO_EUR,Million euro,FR,France,2020,,11906.042,,,,,
dataflow,ESTAT:RD_E_BERDFUNDR2(1.0),BERD by NACE Rev. 2 activity and source of funds,A,Annual,TOTAL,All sectors,C25-C30,"Manufacture of fabricated metal products, computer, electronic and optical products, electrical equipment, machinery, motor vehicles and other transport equipment",MIO_EUR,Million euro,FR,France,2021,,15343.112,,,,,
dataflow,ESTAT:RD_E_BERDFUNDR2(1.0),BERD by NACE Rev. 2 activity and source of funds,A,Annual,TOTAL,All sectors,C25-C30,"Manufacture of fabricated metal products, computer, electronic and optical products, electrical equipment, machinery, motor vehicles and other transport equipment",MIO_EUR,Million euro,FR,France,2022,,16867.049,,,,,
dataflow,ESTAT:RD_E_BERDFUNDR2(1.0),BERD by NACE Rev. 2 activity and source of funds,A,Annual,TOTAL,All sectors,C25-C30,"Manufacture of fabricated metal products, computer, electronic and optical products, electrical equipment, machinery, motor vehicles and other transport equipment",MIO_EUR,Million euro,FR,France,2023,,18025.424,,,,,
dataflow,ESTAT:RD_E_BERDFUNDR2(1.0),BERD by NACE Rev. 2 activity and source of funds,A,Annual,TOTAL,All sectors,C26,"Manufacture of computer, electronic and optical products",MIO_EUR,Million euro,FR,France,2016,,3845.048,,,,,
dataflow,ESTAT:RD_E_BERDFUNDR2(1.0),BERD by NACE Rev. 2 activity and source of funds,A,Annual,TOTAL,All sectors,C26,"Manufacture of computer, electronic and optical products",MIO_EUR,Million euro,FR,France,2017,,3762.411,,p,provisional,,
dataflow,ESTAT:RD_E_BERDFUNDR2(1.0),BERD by NACE Rev. 2 activity and source of funds,A,Annual,TOTAL,All sectors,C26,"Manufacture of computer, electronic and optical products",MIO_EUR,Million euro,FR,France,2018,,,,,,C,confidential
dataflow,ESTAT:RD_E_BERDFUNDR2(1.0),BERD by NACE Rev. 2 activity and source of funds,A,Annual,TOTAL,All sectors,C26,"Manufacture of computer, electronic and optical products",MIO_EUR,Million euro,FR,France,2019,,,,,,C,confidential
dataflow,ESTAT:RD_E_BERDFUNDR2(1.0),BERD by NACE Rev. 2 activity and source of funds,A,Annual,TOTAL,All sectors,C26,"Manufacture of computer, electronic and optical products",MIO_EUR,Million euro,FR,France,2020,,3659.84,,,,,
dataflow,ESTAT:RD_E_BERDFUNDR2(1.0),BERD by NACE Rev. 2 activity and source of funds,A,Annual,TOTAL,All sectors,C26,"Manufacture of computer, electronic and optical products",MIO_EUR,Million euro,FR,France,2021,,3904.634,,,,,
dataflow,ESTAT:RD_E_BERDFUNDR2(1.0),BERD by NACE Rev. 2 activity and source of funds,A,Annual,TOTAL,All sectors,C26,"Manufacture of computer, electronic and optical products",MIO_EUR,Million euro,FR,France,2022,,4353.099,,,,,
dataflow,ESTAT:RD_E_BERDFUNDR2(1.0),BERD by NACE Rev. 2 activity and source of funds,A,Annual,TOTAL,All sectors,C26,"Manufacture of computer, electronic and optical products",MIO_EUR,Million euro,FR,France,2023,,4749.75,,,,,
dataflow,ESTAT:RD_E_BERDFUNDR2(1.0),BERD by NACE Rev. 2 activity and source of funds,A,Annual,TOTAL,All sectors,C27,Manufacture of electrical equipment,MIO_EUR,Million euro,FR,France,2016,,703.638,,,,,
dataflow,ESTAT:RD_E_BERDFUNDR2(1.0),BERD by NACE Rev. 2 activity and source of funds,A,Annual,TOTAL,All sectors,C27,Manufacture of electrical equipment,MIO_EUR,Million euro,FR,France,2017,,836.776,,p,provisional,,
dataflow,ESTAT:RD_E_BERDFUNDR2(1.0),BERD by NACE Rev. 2 activity and source of funds,A,Annual,TOTAL,All sectors,C27,Manufacture of electrical equipment,MIO_EUR,Million euro,FR,France,2018,,,,,,C,confidential
dataflow,ESTAT:RD_E_BERDFUNDR2(1.0),BERD by NACE Rev. 2 activity and source of funds,A,Annual,TOTAL,All sectors,C27,Manufacture of electrical equipment,MIO_EUR,Million euro,FR,France,2019,,,,,,C,confidential
dataflow,ESTAT:RD_E_BERDFUNDR2(1.0),BERD by NACE Rev. 2 activity and source of funds,A,Annual,TOTAL,All sectors,C27,Manufacture of electrical equipment,MIO_EUR,Million euro,FR,France,2020,,800.058,,,,,
dataflow,ESTAT:RD_E_BERDFUNDR2(1.0),BERD by NACE Rev. 2 activity and source of funds,A,Annual,TOTAL,All sectors,C27,Manufacture of electrical equipment,MIO_EUR,Million euro,FR,France,2021,,1328.935,,,,,
dataflow,ESTAT:RD_E_BERDFUNDR2(1.0),BERD by NACE Rev. 2 activity and source of funds,A,Annual,TOTAL,All sectors,C27,Manufacture of electrical equipment,MIO_EUR,Million euro,FR,France,2022,,1546.7,,,,,
dataflow,ESTAT:RD_E_BERDFUNDR2(1.0),BERD by NACE Rev. 2 activity and source of funds,A,Annual,TOTAL,All sectors,C27,Manufacture of electrical equipment,MIO_EUR,Million euro,FR,France,2023,,1586.519,,,,,
dataflow,ESTAT:RD_E_BERDFUNDR2(1.0),BERD by NACE Rev. 2 activity and source of funds,A,Annual,TOTAL,All sectors,C29,"Manufacture of motor vehicles, trailers and semi-trailers",MIO_EUR,Million euro,FR,France,2016,,2436.34,,,,,
dataflow,ESTAT:RD_E_BERDFUNDR2(1.0),BERD by NACE Rev. 2 activity and source of funds,A,Annual,TOTAL,All sectors,C29,"Manufacture of motor vehicles, trailers and semi-trailers",MIO_EUR,Million euro,FR,France,2017,,2405.825,,p,provisional,,
dataflow,ESTAT:RD_E_BERDFUNDR2(1.0),BERD by NACE Rev. 2 activity and source of funds,A,Annual,TOTAL,All sectors,C29,"Manufacture of motor vehicles, trailers and semi-trailers",MIO_EUR,Million euro,FR,France,2018,,,,,,C,confidential
dataflow,ESTAT:RD_E_BERDFUNDR2(1.0),BERD by NACE Rev. 2 activity and source of funds,A,Annual,TOTAL,All sectors,C29,"Manufacture of motor vehicles, trailers and semi-trailers",MIO_EUR,Million euro,FR,France,2019,,,,,,C,confidential
dataflow,ESTAT:RD_E_BERDFUNDR2(1.0),BERD by NACE Rev. 2 activity and source of funds,A,Annual,TOTAL,All sectors,C29,"Manufacture of motor vehicles, trailers and semi-trailers",MIO_EUR,Million euro,FR,France,2020,,2253.321,,,,,
dataflow,ESTAT:RD_E_BERDFUNDR2(1.0),BERD by NACE Rev. 2 activity and source of funds,A,Annual,TOTAL,All sectors,C29,"Manufacture of motor vehicles, trailers and semi-trailers",MIO_EUR,Million euro,FR,France,2021,,3940.14,,,,,
dataflow,ESTAT:RD_E_BERDFUNDR2(1.0),BERD by NACE Rev. 2 activity and source of funds,A,Annual,TOTAL,All sectors,C29,"Manufacture of motor vehicles, trailers and semi-trailers",MIO_EUR,Million euro,FR,France,2022,,4135.702,,,,,
dataflow,ESTAT:RD_E_BERDFUNDR2(1.0),BERD by NACE Rev. 2 activity and source of funds,A,Annual,TOTAL,All sectors,C29,"Manufacture of motor vehicles, trailers and semi-trailers",MIO_EUR,Million euro,FR,France,2023,,4472.96,,,,,
dataflow,ESTAT:RD_E_BERDFUNDR2(1.0),BERD by NACE Rev. 2 activity and source of funds,A,Annual,TOTAL,All sectors,C30,Manufacture of other transport equipment,MIO_EUR,Million euro,FR,France,2016,,3129.52,,,,,
dataflow,ESTAT:RD_E_BERDFUNDR2(1.0),BERD by NACE Rev. 2 activity and source of funds,A,Annual,TOTAL,All sectors,C30,Manufacture of other transport equipment,MIO_EUR,Million euro,FR,France,2017,,2910.804,,p,provisional,,
dataflow,ESTAT:RD_E_BERDFUNDR2(1.0),BERD by NACE Rev. 2 activity and source of funds,A,Annual,TOTAL,All sectors,C30,Manufacture of other transport equipment,MIO_EUR,Million euro,FR,France,2018,,,,,,C,confidential
dataflow,ESTAT:RD_E_BERDFUNDR2(1.0),BERD by NACE Rev. 2 activity and source of funds,A,Annual,TOTAL,All sectors,C30,Manufacture of other transport equipment,MIO_EUR,Million euro,FR,France,2019,,,,,,C,confidential
dataflow,ESTAT:RD_E_BERDFUNDR2(1.0),BERD by NACE Rev. 2 activity and source of funds,A,Annual,TOTAL,All sectors,C30,Manufacture of other transport equipment,MIO_EUR,Million euro,FR,France,2020,,3370.886,,,,,
dataflow,ESTAT:RD_E_BERDFUNDR2(1.0),BERD by NACE Rev. 2 activity and source of funds,A,Annual,TOTAL,All sectors,C30,Manufacture of other transport equipment,MIO_EUR,Million euro,FR,France,2021,,4298.465,,,,,
dataflow,ESTAT:RD_E_BERDFUNDR2(1.0),BERD by NACE Rev. 2 activity and source of funds,A,Annual,TOTAL,All sectors,C30,Manufacture of other transport equipment,MIO_EUR,Million euro,FR,France,2022,,4936.95,,,,,
dataflow,ESTAT:RD_E_BERDFUNDR2(1.0),BERD by NACE Rev. 2 activity and source of funds,A,Annual,TOTAL,All sectors,C30,Manufacture of other transport equipment,MIO_EUR,Million euro,FR,France,2023,,5049.453,,,,,
